envSteps,gradientSteps,totalReward,totalCuriosity,worldModelLoss,reconstructionLoss,rewardPredictorLoss,klLoss,teamItemLoss,ltmRewardLoss,gridLoss,varLoss,curiosityLoss,actorLoss,entropies,criticLoss,curiosityCriticLoss,advantages,curiosityAdvantages,criticValues,curiosityCriticValues
150000,400,0.0,1.35,330.9292,262.1696,0.3527,36.5305,0.0672,0.0006,31.8086,0.0,0.0958,-0.1342,1.7173,0.1184,0.6503,0.0,-0.0012,0.0019,0.111
225000,800,0.0,0.49,157.7397,113.4859,0.1751,26.8086,0.0372,0.0002,17.2327,0.0,0.0542,-0.3738,1.1822,0.3641,0.5867,-0.0001,-0.0026,0.0095,0.04
300000,1200,0.0,0.92,57.382,33.5815,0.148,15.4541,0.0111,0.0,8.1873,0.0,0.0138,-0.1961,0.8907,0.6101,0.7084,-0.0002,0.0029,0.024,0.2139
375000,1600,0.0,0.69,73.9914,42.4851,0.139,21.368,0.0179,0.0,9.9814,0.0,0.0123,-0.3214,0.9829,0.693,0.5192,-0.0004,0.003,0.0411,0.1955
450000,2000,0.0,0.58,49.1414,25.1067,0.1354,15.8832,0.0063,0.0,8.0099,0.0,0.0109,-0.25,1.0593,0.6524,0.539,-0.0005,0.0013,0.0523,0.1842
525000,2400,0.0,0.78,74.6342,36.8136,0.1338,28.2842,0.0132,0.0,9.3894,0.0,0.0168,-0.1935,0.995,0.6389,0.4894,-0.0007,0.0026,0.0543,0.116
600000,2800,0.0,1.08,28.7429,11.5482,0.1324,12.3436,0.0083,0.0,4.7104,0.0,0.0135,-0.3011,0.9196,0.5967,0.7476,-0.0006,0.0048,0.0586,0.4603
675000,3200,0.0,1.27,43.443,22.3141,0.1318,14.6061,0.0054,0.0,6.3856,0.0,0.0187,-0.2326,0.8368,0.601,0.7098,-0.0007,-0.0015,0.0583,0.3788
750000,3600,0.0,1.66,34.2235,13.4062,0.1314,16.709,0.0097,0.0,3.9671,0.0,0.006,-0.2784,0.9544,0.5865,0.4721,-0.0006,-0.0006,0.0595,1.0461
825000,4000,0.0,5.37,23.0726,5.6837,0.1312,14.491,0.0044,0.0,2.7623,0.0,0.0046,-0.2526,0.9121,0.5666,0.9367,-0.0007,0.013,0.0612,1.3452
900000,4400,0.0,2.05,32.5035,12.3788,0.131,16.7936,0.009,0.0,3.191,0.0,0.0089,-0.2398,0.9824,0.5846,0.8775,-0.0006,0.0032,0.0596,0.8314
975000,4800,0.0,1.87,21.2037,5.2863,0.131,13.198,0.0015,0.0,2.5869,0.0,0.0078,-0.2747,0.9047,0.5503,0.8099,-0.0005,-0.0012,0.0622,0.7069
1050000,5200,0.0,1.67,22.4633,5.4446,0.1309,13.8427,0.005,0.0,3.0401,0.0,0.0033,-0.2592,1.1289,0.5544,0.6547,-0.0006,-0.0019,0.062,1.0045
1125000,5600,0.0,4.22,22.7944,6.6508,0.1308,13.6161,0.0114,0.0,2.3853,0.0,0.0051,-0.2575,0.8184,0.5769,0.5377,-0.0006,0.0042,0.0603,2.2372
1200000,6000,0.0,5.67,18.1304,4.3598,0.1308,11.9241,0.008,0.0,1.7077,0.0,0.0017,-0.2514,0.8916,0.5788,0.7284,-0.0006,0.0155,0.0601,2.1202
1275000,6400,0.0,4.91,25.9165,9.0428,0.1308,13.7142,0.0049,0.0,3.0238,0.0,0.0023,-0.2504,1.0526,0.5769,0.8618,-0.0006,-0.002,0.0602,1.2249
1350000,6800,0.0,6.19,28.1949,11.1658,0.1307,14.8929,0.0076,0.0,1.9978,0.0,0.003,-0.2869,1.1049,0.5528,0.6214,-0.0004,-0.0078,0.0617,1.891
1425000,7200,0.0,3.48,22.5902,6.9319,0.1307,13.0853,0.0019,0.0,2.4403,0.0,0.003,-0.19,0.9225,0.5685,0.6366,-0.0006,-0.0123,0.0609,2.9524
1500000,7600,0.0,5.53,29.6118,12.6021,0.1307,14.3241,0.0032,0.0,2.5517,0.0,0.004,-0.2657,1.0837,0.5582,0.6161,-0.0005,0.0061,0.0615,2.6559
1575000,8000,0.0,6.54,29.206,10.8945,0.1307,15.5084,0.008,0.0,2.6644,0.0,0.0075,-0.21,1.0494,0.5975,0.7626,-0.0008,0.0001,0.0586,1.8417
1650000,8400,0.0,4.55,22.3908,9.0652,0.1307,12.1012,0.0052,0.0,1.0885,0.0,0.0013,-0.2105,0.8624,0.5741,1.0121,-0.0005,0.0326,0.0604,2.5762
1725000,8800,2.07,27.06,24.4929,8.2619,0.1307,13.0928,0.0053,0.0,3.0023,0.0,0.0161,-0.246,0.8445,0.5897,1.0946,-0.0006,0.0335,0.0592,4.0517
1800000,9200,0.0,8.21,34.5716,10.0437,0.1309,20.2636,0.0111,0.0,4.1222,0.0,0.0046,-0.2044,0.8691,0.5987,0.7033,-0.0007,0.0093,0.0585,3.8877
1875000,9600,1.03,3.16,37.3097,12.3539,0.1308,20.919,0.0061,0.0,3.9,0.0,0.0105,-0.2303,0.9998,0.3845,0.7662,0.0019,0.0016,0.0821,4.4039
1950000,10000,60.82,9.78,36.1237,15.67,0.1308,15.6804,0.0093,0.0,4.6333,0.0,0.0072,-0.1928,1.0612,0.6466,0.8238,0.0028,0.0072,0.2078,4.2166
2025000,10400,36.14,13.88,33.9639,15.1817,0.1314,15.6654,0.0065,0.0,2.9788,0.0,0.0123,-0.2554,1.0362,0.4879,1.049,-0.0001,0.0181,0.3916,1.6286
2100000,10800,42.57,11.97,30.0027,11.9706,0.1314,15.478,0.0052,0.0,2.4174,0.0,0.0078,-0.1576,0.9026,0.6295,0.9769,-0.0028,-0.0199,0.3389,2.0886
2175000,11200,55.99,11.61,49.8958,18.1652,0.1431,25.1648,0.0041,0.0,6.4185,0.0,0.0074,-0.2326,1.1132,0.3131,1.2983,-0.0031,0.0484,0.2719,1.7058
2250000,11600,52.38,10.02,39.8772,15.9632,0.1315,19.9346,0.0075,0.0,3.8404,0.0,0.0071,-0.1675,1.1417,0.6995,1.6987,0.0014,0.0751,0.2158,1.8461
2325000,12000,56.75,7.05,47.653,16.0512,0.1451,25.0789,0.0062,0.0,6.3715,0.0,0.004,-0.1778,1.3083,0.5295,1.02,-0.0022,-0.0093,0.1517,2.0713
2400000,12400,50.6,7.94,34.8636,13.7081,0.1491,18.8727,0.0048,0.0,2.129,0.0,0.0111,-0.3204,1.1471,0.6816,1.0046,-0.001,-0.0271,0.1283,2.2831
2475000,12800,61.89,4.39,54.1133,24.1854,0.1408,24.1974,0.0067,0.0,5.583,0.0,0.0209,-0.2254,1.2347,0.6618,1.1398,-0.0011,0.0497,0.1181,2.1367
2550000,13200,63.71,6.69,36.7944,13.6409,0.1575,19.9217,0.0075,0.0,3.0669,0.0,0.0101,-0.1693,1.157,0.6783,1.4981,-0.0013,0.021,0.1198,2.5677
2625000,13600,0.0,1.88,54.7367,15.708,0.2939,33.4039,0.0056,0.0,5.3253,0.0,0.0189,-0.2213,1.3732,0.6779,1.3424,-0.0015,-0.0613,0.1218,1.8775
2700000,14000,12.49,9.82,45.9424,12.8892,0.1409,28.5606,0.0054,0.0,4.3462,0.0,0.0071,-0.2943,1.3978,0.6686,1.4487,-0.0014,-0.0113,0.1278,2.3104
2775000,14400,61.58,9.21,56.1353,14.4453,0.2387,36.5775,0.0056,0.0,4.8682,0.0,0.012,-0.3532,1.4598,0.5073,1.2977,-0.0011,-0.0215,0.213,1.8111
2850000,14800,60.78,8.99,34.9447,9.6128,0.14,23.0658,0.0074,0.0,2.1187,0.0,0.0037,-0.2898,1.4957,0.5533,1.0924,-0.003,-0.0167,0.2184,1.8681
2925000,15200,55.78,3.82,31.8966,9.5944,0.1383,20.3377,0.0061,0.0,1.8202,0.0,0.0041,-0.3472,1.2479,0.6414,0.8712,0.0004,-0.0303,0.2074,2.0893
3000000,15600,60.89,3.61,47.7097,9.5823,0.1829,34.4218,0.0078,0.0,3.5149,0.0,0.0083,-0.2492,1.3451,0.6817,1.0284,-0.0026,-0.0096,0.2236,0.6333
3075000,16000,62.57,4.01,33.6369,7.8588,0.1595,23.1316,0.0046,0.0,2.4824,0.0,0.0058,-0.3254,1.255,0.5648,1.0741,-0.0032,-0.0088,0.2447,0.7788
3150000,16400,60.94,6.36,34.4819,8.5512,0.1861,23.9846,0.0035,0.0,1.7565,0.0,0.0092,-0.2371,1.3819,0.6617,1.1019,-0.0023,0.0425,0.2263,0.8898
3225000,16800,0.0,10.23,35.7864,8.7322,0.1563,24.993,0.004,0.0,1.9009,0.0,0.0046,-0.3246,1.336,0.5056,1.1605,-0.0033,0.0241,0.2499,1.894
3300000,17200,53.29,8.39,36.5397,7.0024,0.1862,27.2903,0.0042,0.0,2.0567,0.0,0.0089,-0.1646,1.3021,0.6143,1.0458,-0.0029,0.0509,0.2379,5.0115
3375000,17600,59.46,13.5,28.4663,5.3196,0.2111,21.4895,0.0038,0.0,1.4423,0.0,0.0062,-0.1362,1.3485,0.7417,1.2776,0.0052,0.1032,0.228,4.0044
3450000,18000,33.26,8.66,39.063,7.0418,0.1326,29.9105,0.0064,0.0,1.9717,0.0,0.0032,-0.2271,1.3356,0.6618,1.0736,-0.0035,-0.0201,0.2345,2.1376
3525000,18400,0.0,53.55,28.603,5.3235,0.1693,22.3239,0.0068,0.0,0.7794,0.0,0.0069,-0.1491,1.3721,0.7289,0.8338,0.0151,0.0627,0.327,5.9738
3600000,18800,43.89,24.21,35.754,6.3577,0.1449,27.8273,0.0064,0.0,1.4177,0.0,0.0081,-0.2239,1.3574,0.6212,0.928,-0.0013,0.0258,0.4112,7.6325
3675000,19200,36.15,17.35,25.6163,5.489,0.1507,19.1386,0.0112,0.0,0.8269,0.0,0.0017,-0.2325,1.3094,0.6592,1.3194,-0.0042,0.0208,0.4357,4.628
3750000,19600,28.9,11.1,41.3557,7.0412,0.1584,31.8808,0.0116,0.0,2.2636,0.0,0.0071,-0.3204,1.168,0.6763,0.9228,0.024,-0.079,0.5213,4.6274
3825000,20000,0.47,20.45,60.3908,10.4297,0.1887,45.7247,0.0123,0.0,4.0354,0.0,0.0129,-0.3004,1.3949,0.5482,1.2212,-0.0095,0.0703,0.7776,4.1786
3900000,20400,23.95,9.25,38.0034,6.4793,0.1689,29.4083,0.0066,0.0,1.9257,0.0145,0.015,-0.2242,1.3864,0.6461,1.0539,0.0,-0.0218,0.5251,3.2613
3975000,20800,25.86,15.94,25.245,4.6791,0.1494,19.1685,0.0063,0.0,1.0848,0.157,0.0026,-0.3197,1.2738,0.596,0.9263,0.0019,-0.015,0.6021,5.9432
4050000,21200,12.42,8.69,28.2599,5.5437,0.1829,21.0019,0.0116,0.0,1.4227,0.0971,0.0041,-0.2012,1.4261,0.4485,0.9825,-0.0099,-0.0561,0.8641,3.9154
4125000,21600,7.23,8.13,34.4497,5.6636,0.1772,25.6489,0.007,0.0,2.6855,0.2674,0.0015,-0.2579,1.5131,0.7762,1.1663,0.0042,0.0238,0.8173,1.7513
4200000,22000,34.17,7.85,32.9878,8.0461,0.1377,22.7661,0.0045,0.0,1.9038,0.1296,0.0053,-0.2727,1.1697,0.5174,1.2642,-0.0019,-0.0069,0.771,1.6407
4275000,22400,11.31,15.29,27.8503,7.7764,0.1307,19.0786,0.0064,0.0,0.7585,0.0997,0.0024,-0.318,1.114,0.5371,1.0125,-0.006,-0.0194,0.8499,4.5949
4350000,22800,0.0,1.73,31.1579,8.4692,0.1409,21.0195,0.0078,0.0,1.4071,0.1133,0.0042,-0.3219,1.3764,0.5994,1.1299,-0.0057,-0.0147,0.8303,2.4544
4425000,23200,6.14,7.38,25.8078,5.8474,0.1381,18.2459,0.0032,0.0,0.8782,0.695,0.0057,-0.258,1.5003,0.6396,0.9586,-0.0062,0.0106,0.9077,1.907
4500000,23600,55.64,8.2,26.5465,6.1269,0.1493,18.4626,0.0059,0.0,1.203,0.5988,0.0075,-0.2185,1.326,0.6916,0.9021,0.01,-0.0008,1.1217,2.7396
4575000,24000,44.44,9.25,31.5671,8.6209,0.1507,20.7824,0.0032,0.0,1.5757,0.4341,0.0093,-0.2246,1.2278,0.6592,1.1418,-0.0003,0.058,1.3445,2.5405
4650000,24400,43.61,12.85,27.5414,7.1959,0.1307,18.5665,0.0113,0.0,1.2147,0.4223,0.0049,-0.2855,1.2981,0.6351,1.3107,-0.0019,0.0337,1.3082,3.4419
4725000,24800,30.16,61.62,27.4939,5.8873,0.1501,19.8584,0.0026,0.0,0.9492,0.6462,0.0033,-0.2538,1.2046,0.6849,0.9508,-0.0007,0.0299,1.3874,6.4146
4800000,25200,29.06,19.15,29.5921,7.5734,0.1475,19.9744,0.0041,0.0,1.3054,0.5873,0.0101,-0.185,1.1918,0.6407,1.1541,-0.0063,-0.0107,1.4633,3.3853
4875000,25600,26.71,17.13,33.1824,7.7733,0.1444,22.8695,0.0034,0.0,1.6994,0.6923,0.0116,-0.2135,1.2722,0.6668,1.0564,0.011,-0.0296,1.5068,4.4658
4950000,26000,42.53,18.18,33.71,6.9937,0.1354,23.639,0.0078,0.0,2.3598,0.5743,0.0124,-0.2451,1.3416,0.7423,0.9912,-0.004,-0.0257,1.4371,3.5862
5025000,26400,25.81,28.23,30.2919,7.0224,0.1479,20.9079,0.0017,0.0,1.685,0.5271,0.0127,-0.1994,1.1565,0.6549,1.0161,-0.0039,-0.0196,1.4356,7.2208
5100000,26800,36.4,24.2,34.9818,9.0474,0.1397,23.5308,0.0014,0.0,1.8939,0.3686,0.0123,-0.2231,1.2042,0.5916,1.082,-0.0066,-0.0366,1.4349,4.6196
5175000,27200,35.92,27.8,30.4642,7.9718,0.1398,20.3243,0.001,0.0,1.2375,0.7898,0.0086,-0.268,1.2403,0.6999,1.1477,0.0197,0.0258,1.4497,3.6593
5250000,27600,36.25,19.43,39.8245,7.9756,0.1559,28.6934,0.0056,0.0,2.5679,0.426,0.0076,-0.1963,1.3008,0.7769,1.0771,-0.0036,-0.0873,1.4698,3.2552
5325000,28000,28.16,38.66,28.2294,6.9056,0.1405,19.6677,0.0082,0.0,0.982,0.5253,0.0032,-0.1806,1.0985,0.6202,0.7283,-0.0089,0.0032,1.3985,8.354
5400000,28400,32.02,65.7,34.4772,7.6055,0.1665,23.3904,0.0075,0.0,2.2917,1.0156,0.0198,-0.2284,1.3642,0.7989,1.0576,-0.0126,-0.0112,1.3884,8.4227
5475000,28800,17.63,17.12,41.7155,10.3969,0.152,27.1921,0.0055,0.0,3.5973,0.3718,0.0146,-0.2274,1.3302,0.5815,1.04,-0.0113,-0.054,1.1453,4.7018
5550000,29200,36.37,19.19,35.385,9.6829,0.1307,22.6306,0.0019,0.0,1.8691,1.0699,0.0261,-0.2298,1.3317,0.7991,1.2847,0.0016,0.0481,1.2645,2.86
5625000,29600,31.63,16.76,30.0074,6.5956,0.1413,20.3888,0.0015,0.0,1.7556,1.1245,0.0072,-0.2487,1.2394,0.7526,1.2446,0.0129,0.0627,1.4226,4.2752
5700000,30000,39.29,19.0,33.5335,8.7671,0.1417,22.4071,0.005,0.0,1.3577,0.8548,0.0069,-0.2368,1.3238,0.7683,0.9871,0.0039,-0.0715,1.5071,4.7423
5775000,30400,44.09,33.92,34.0947,9.4603,0.1557,21.3062,0.0017,0.0,1.986,1.1848,0.0229,-0.1978,1.3445,0.6906,0.8022,0.0043,-0.0377,1.6077,6.4588
5850000,30800,51.8,50.1,34.5415,8.7987,0.1485,22.6935,0.0034,0.0,1.7707,1.1267,0.0099,-0.2279,1.3919,0.8645,1.2106,0.0125,-0.0046,1.6659,3.2093
5925000,31200,31.17,7.42,39.8492,11.5125,0.1397,25.0193,0.0057,0.0,2.185,0.987,0.0112,-0.2226,1.4005,0.7074,1.158,-0.0039,0.0201,1.6802,2.495
6000000,31600,31.26,10.24,33.5523,10.4443,0.1594,20.1953,0.0058,0.0,1.6076,1.1398,0.0106,-0.2376,1.2801,0.807,1.6974,-0.0051,0.0631,2.0184,2.2173
6075000,32000,31.27,11.99,36.7065,11.3093,0.1414,22.8594,0.003,0.0,1.6307,0.7626,0.007,-0.2013,1.2733,0.7299,1.4028,0.0004,-0.0507,1.7942,3.2729
6150000,32400,25.97,10.82,32.4861,9.5031,0.1401,20.8564,0.0029,0.0,1.154,0.8295,0.0105,-0.239,1.26,0.6791,1.0183,-0.0053,0.014,1.4862,4.5995
6225000,32800,28.58,11.7,38.5783,14.0335,0.1307,21.7731,0.0026,0.0,1.8684,0.7701,0.0111,-0.1854,1.4158,0.6451,1.2431,-0.0212,-0.0648,1.4013,3.6294
6300000,33200,25.89,9.23,34.9198,11.418,0.1517,18.9694,0.0014,0.0,2.8319,1.5473,0.014,-0.2215,1.3715,0.7851,1.0444,0.0038,0.0041,1.3566,2.956
6375000,33600,25.86,8.09,34.1617,12.0799,0.155,19.7358,0.003,0.0,1.3929,0.795,0.0113,-0.2622,1.3165,0.6915,0.8794,0.0083,0.0247,1.2682,3.7173
6450000,34000,25.83,29.61,39.5549,14.7805,0.1594,20.9666,0.0011,0.0,2.2253,1.422,0.0229,-0.24,1.407,0.798,1.3925,-0.009,0.1361,1.0448,4.349
6525000,34500,26.04,33.35,30.5318,9.4019,0.1575,18.9613,0.0011,0.0,1.3583,0.6517,0.0167,-0.1416,1.2655,0.5881,0.79,-0.0183,0.0394,1.2338,5.9775
6600000,35000,36.4,35.09,25.2367,6.456,0.1358,17.1282,0.0011,0.0,0.7568,0.7589,0.0096,-0.2457,1.305,0.6933,1.0342,0.0,-0.0078,1.0164,8.6634
6675000,35500,26.77,17.24,43.1461,11.5682,0.1601,28.5615,0.002,0.0,1.9323,0.9219,0.0049,-0.2313,1.4073,0.8091,1.0425,-0.0198,0.0201,1.2424,3.51
6750000,36000,27.05,35.64,35.2037,9.5798,0.179,21.4808,0.0016,0.0,2.2217,1.7408,0.0322,-0.2594,1.3793,0.8531,1.2376,-0.0048,0.0454,1.4893,3.2156
6825000,36500,36.41,34.63,27.9819,8.1752,0.1525,18.0382,0.0017,0.0,1.0092,0.6051,0.0178,-0.2056,1.2536,0.7203,0.8067,0.0088,-0.0476,1.1211,6.6181
6900000,37000,51.54,11.94,43.0128,13.0829,0.1335,26.0451,0.0018,0.0,2.305,1.4445,0.0541,-0.2622,1.3331,1.0484,1.1623,0.0141,-0.0499,1.1956,3.3341
6975000,37500,56.34,9.8,34.5282,12.2394,0.1338,20.0836,0.0009,0.0,1.3752,0.6952,0.0542,-0.2377,1.4792,0.6947,0.9088,-0.0139,-0.1095,1.0683,3.8257
7050000,38000,51.7,16.09,36.9799,8.1002,0.1503,25.9851,0.0031,0.0,1.9208,0.8204,0.0313,-0.1986,1.6086,0.8255,1.2013,-0.0215,-0.0154,1.2159,2.4191
7125000,38500,0.0,5.89,29.6936,8.3586,0.1755,19.3285,0.0054,0.0,0.8521,0.9735,0.0252,-0.2349,1.4957,0.9108,1.3075,0.0247,-0.0023,1.2594,6.2703
7200000,39000,29.72,30.49,27.4104,7.5344,0.1431,18.0171,0.0016,0.0,1.1868,0.5273,0.0706,-0.2096,1.4457,0.7484,1.0974,-0.0072,0.0153,0.797,5.0055
7275000,39500,30.19,31.14,26.139,6.0286,0.1625,17.4937,0.0014,0.0,1.1853,1.2673,0.0468,-0.2255,1.5297,0.704,1.3586,0.0146,0.1484,1.0414,5.8769
7350000,40000,31.8,28.79,31.7636,8.4302,0.155,21.004,0.002,0.0,1.0525,1.12,0.038,-0.1983,1.5885,0.7861,1.392,-0.0212,0.0658,0.7497,4.0912
7425000,40500,32.93,22.58,30.2048,7.019,0.1611,20.8353,0.0016,0.0,1.1765,1.0113,0.0374,-0.2016,1.5428,1.0203,1.1797,0.0048,0.0006,1.4137,1.9843
7500000,41000,27.43,21.26,28.1098,8.1163,0.1454,18.3329,0.001,0.0,0.7887,0.7255,0.0111,-0.2159,1.5049,0.9147,1.2405,-0.0079,0.0158,1.1552,4.1338
7575000,41500,31.4,31.86,30.5036,8.3772,0.154,19.4145,0.0012,0.0,0.9776,1.579,0.0562,-0.2473,1.5887,0.9007,1.3623,-0.0305,0.0291,1.0077,4.5385
7650000,42000,43.98,28.16,28.0795,6.853,0.1752,18.1069,0.0009,0.0,1.3222,1.6214,0.0372,-0.2282,1.5331,1.035,1.1408,0.0069,-0.0093,1.3308,3.6055
7725000,42500,37.89,45.0,39.095,8.6533,0.1423,27.2491,0.0012,0.0,1.6728,1.3764,0.045,-0.2013,1.5874,1.0044,1.2976,0.0081,-0.0282,1.1407,5.7524
7800000,43000,35.97,26.79,31.4614,9.3459,0.1412,19.3805,0.0007,0.0,1.0054,1.5877,0.0194,-0.2026,1.544,1.002,1.5884,-0.0032,-0.0279,1.136,2.4522
7875000,43500,35.4,58.97,30.904,9.9372,0.1589,18.0976,0.0023,0.0,1.1796,1.5284,0.0197,-0.1951,1.611,0.9697,1.2558,0.0068,-0.0125,1.1769,2.9207
7950000,44000,53.98,33.73,33.3173,8.761,0.1654,21.3596,0.0007,0.0,1.6867,1.344,0.0473,-0.2038,1.6418,1.0438,1.8184,0.0142,0.1331,0.9437,3.8447
8025000,44500,65.4,49.81,31.0937,6.906,0.1775,20.7399,0.0014,0.0,1.2359,2.0329,0.0533,-0.2143,1.6193,0.9569,2.1855,-0.0025,0.0014,1.1391,2.9326
8100000,45000,33.67,16.85,37.5776,11.1356,0.1466,22.3781,0.0012,0.0024,2.0052,1.9086,0.0899,-0.2064,1.6145,0.8329,1.4517,-0.0264,0.07,0.8454,3.5811
8175000,45500,38.11,23.21,33.1359,10.0682,0.1427,20.2165,0.0014,0.0133,1.0422,1.6516,0.0701,-0.2031,1.6347,0.8826,1.3876,-0.006,-0.0663,0.9585,6.5358
8250000,46000,31.49,37.81,35.241,8.1241,0.1726,24.0829,0.0015,0.0001,1.3454,1.5145,0.0363,-0.1978,1.6119,0.8799,1.327,-0.0009,-0.0643,1.1487,3.1094
8325000,46500,37.45,116.47,36.719,11.0327,0.2162,22.2367,0.0013,0.0005,1.1782,2.0534,0.0991,-0.2223,1.6426,1.3786,1.5148,0.0098,0.0077,1.7241,3.0209
8400000,47000,39.05,23.47,43.6629,15.843,0.2343,24.1762,0.0005,0.0018,1.8069,1.6002,0.0555,-0.2043,1.6214,0.9254,1.4589,-0.0089,-0.0154,0.9051,3.8176
8475000,47500,36.03,80.22,30.3327,6.7259,0.1496,19.8398,0.0037,0.0,1.5189,2.0948,0.0265,-0.1842,1.5932,0.8666,1.154,-0.0041,-0.0876,1.2246,4.5144
8550000,48000,31.96,41.83,44.0682,12.0101,0.1592,27.1503,0.0008,0.0,2.4406,2.3073,0.0825,-0.206,1.6228,1.0293,1.3961,0.0034,0.0235,0.9299,5.4068
8625000,48500,35.99,13.33,32.0199,9.8689,0.142,18.8209,0.001,0.0,0.9946,2.1924,0.0464,-0.2216,1.4971,0.8554,0.8815,0.0163,-0.0606,1.226,5.22
8700000,49000,31.7,20.01,31.0573,7.1587,0.1818,21.5008,0.0004,0.0002,1.1972,1.0182,0.0491,-0.2546,1.4535,0.6864,1.0831,-0.0156,0.0596,1.1786,7.6614
8775000,49500,27.11,16.94,28.4928,7.5361,0.1362,18.6294,0.0004,0.0,1.0614,1.1292,0.0515,-0.2081,1.2455,0.7632,0.7019,0.008,-0.0262,0.4676,8.7184
8850000,50000,32.55,15.01,34.1288,7.6491,0.171,23.3436,0.0031,0.0,0.8616,2.1004,0.0379,-0.2248,1.4931,0.9574,1.0461,0.0205,-0.0334,2.0856,4.2161
8925000,50500,33.69,34.58,27.7986,6.6796,0.1701,19.1323,0.0006,0.0001,1.0126,0.8034,0.047,-0.2281,1.2749,0.7033,0.8187,0.0076,-0.0205,1.0927,7.3614
9000000,51000,38.2,15.86,38.6481,11.2141,0.1639,23.9128,0.0019,0.0002,1.5824,1.7727,0.0702,-0.2163,1.4463,0.9756,1.3215,0.011,0.0048,1.9905,3.6321
9075000,51500,30.2,45.33,25.3861,6.8707,0.1307,17.0373,0.0007,0.0,0.4721,0.8747,0.0328,-0.2053,1.2632,0.6622,0.8647,-0.0007,0.0008,0.9908,8.9986
9150000,52000,54.33,38.97,33.231,8.2327,0.1666,21.1025,0.0027,0.0,1.2803,2.4461,0.0274,-0.2171,1.5266,1.1153,1.0656,-0.001,-0.0237,1.5858,3.9461
9225000,52500,40.26,77.23,30.951,10.4343,0.1603,17.4228,0.0014,0.0,0.3584,2.5738,0.0244,-0.1926,1.4568,0.8624,0.9877,0.0064,-0.0214,1.0504,3.7392
9300000,53000,32.98,16.91,31.1177,11.042,0.1391,18.3023,0.0015,0.0007,0.8967,0.7353,0.0622,-0.2678,1.2421,0.7246,0.7433,-0.0069,0.0236,0.7817,6.5058
9375000,53500,24.85,12.56,28.7953,7.6659,0.1472,19.426,0.0019,0.0,0.5087,1.0456,0.0317,-0.1254,1.3108,0.8114,1.0621,-0.0113,-0.0162,1.2942,3.1194
9450000,54000,42.27,52.44,29.3986,7.9405,0.2091,19.0687,0.0009,0.0,0.7701,1.4094,0.0334,-0.1869,1.3687,0.8634,0.9629,0.0029,-0.0047,1.4621,3.1616
9527500,54500,46.42,102.38,30.4256,9.1882,0.1511,18.1357,0.0024,0.0,1.1948,1.7534,0.0536,-0.262,1.2234,1.0144,1.0314,0.0268,-0.0312,1.2361,6.3898
9602500,55000,38.24,18.02,32.0834,10.3818,0.1562,19.0846,0.0021,0.0012,1.0914,1.3662,0.0713,-0.1841,1.3316,0.6991,0.8394,-0.0095,-0.0218,1.3404,3.9734
9677500,55500,39.0,16.24,33.368,10.4232,0.1307,20.741,0.0013,0.0005,0.9346,1.1368,0.0435,-0.2693,1.2954,0.7343,0.8986,-0.0004,-0.0016,1.1648,3.657
9752500,56000,37.88,40.56,27.0977,8.0089,0.1625,16.3597,0.0011,0.0003,0.792,1.7734,0.0753,-0.1986,1.4462,0.8535,1.211,0.0094,0.068,1.7181,7.1466
9827500,56500,38.96,51.86,27.8276,8.088,0.1626,17.1762,0.0011,0.0002,0.8854,1.514,0.0742,-0.2307,1.4613,0.7977,1.3219,0.0091,0.0379,1.7091,7.1291
9905000,57000,51.35,105.71,30.4977,9.9479,0.1508,17.9743,0.0027,0.0012,0.955,1.4656,0.102,-0.1799,1.3584,0.7985,1.0848,0.0262,0.0003,1.2778,7.0423
9980000,57500,34.47,18.18,28.7783,10.5562,0.1574,15.5629,0.0013,0.0142,0.4909,1.9953,0.0533,-0.2525,1.3322,0.7127,1.0011,0.0002,-0.07,1.308,7.7336
10055000,58000,32.22,16.83,27.8169,7.3274,0.1649,17.4489,0.0013,0.0054,0.4458,2.4231,0.0696,-0.2191,1.4711,0.8881,0.8951,-0.0077,-0.0463,1.8348,7.803
10130000,58500,35.61,98.63,34.5562,12.6391,0.1594,19.8836,0.0012,0.0039,0.6205,1.2485,0.0767,-0.2078,1.3393,0.7906,0.9773,0.0236,-0.0344,1.5597,8.0
10205000,59000,36.41,15.47,28.4038,9.153,0.1581,15.9594,0.0011,0.0061,0.4457,2.6804,0.0757,-0.2323,1.3627,0.8464,1.2658,-0.0073,0.0256,1.816,4.4363
10280000,59500,45.02,44.37,25.5218,6.5983,0.1624,16.0992,0.0008,0.0006,0.6114,2.049,0.045,-0.2234,1.4104,0.7924,1.0513,0.0356,-0.004,1.6366,4.5741
10357500,60000,64.5,69.65,31.3056,8.4082,0.2813,18.4771,0.0013,0.0096,1.8562,2.272,0.0726,-0.2149,1.4499,0.8291,1.1238,-0.0028,0.0096,1.5054,6.7669
10432500,60500,39.79,69.79,30.3619,8.4321,0.1576,19.156,0.0009,0.0138,1.474,1.1275,0.0869,-0.2191,1.4712,0.5812,0.9493,0.0012,-0.0059,0.8228,10.4531
10507500,61000,52.77,21.69,28.1252,7.1588,0.1539,16.8792,0.0009,0.0004,1.0292,2.9028,0.0792,-0.2146,1.5045,0.9269,1.043,0.0195,-0.0022,1.1307,5.357
10582500,61500,37.89,51.3,30.1321,7.1627,0.1587,19.3547,0.0006,0.0057,1.3396,2.1099,0.0972,-0.2452,1.4263,0.7561,1.192,-0.0026,0.0641,1.0382,11.1545
10657500,62000,37.62,44.67,31.2173,8.3452,0.1526,19.3267,0.0006,0.0019,1.023,2.3672,0.0507,-0.2139,1.4944,0.9274,0.932,-0.002,-0.0334,1.2189,11.2773
10735000,62500,52.65,62.59,27.0695,7.5782,0.1462,16.7905,0.0005,0.0146,0.7859,1.7535,0.0645,-0.2503,1.4723,0.6972,0.9551,-0.0135,0.0802,1.0829,12.8552
10810000,63000,41.55,20.79,33.0473,9.4163,0.1538,20.074,0.0004,0.0016,1.2792,2.122,0.0968,-0.2119,1.5722,0.7887,1.2363,0.0057,0.0316,1.2844,9.8734
10885000,63500,29.58,32.28,28.8296,6.8919,0.1792,18.8627,0.0005,0.0009,0.836,2.0584,0.0876,-0.1595,1.4965,0.8141,1.1379,0.0042,0.0517,1.2932,11.7518
10962500,64000,46.7,57.72,24.9299,6.6021,0.1307,16.3574,0.0002,0.0062,0.5175,1.3158,0.0988,-0.2221,1.371,0.6268,1.1345,-0.0055,0.0167,0.8442,16.2271
11037500,64500,13.21,14.68,25.8621,6.3516,0.1437,16.9233,0.0003,0.0023,0.8455,1.5953,0.058,-0.2366,1.5085,0.7004,1.6366,-0.007,-0.0369,1.0491,7.307
11112500,65000,22.38,19.03,26.7333,6.4562,0.1547,17.2738,0.0004,0.0008,0.8492,1.9983,0.0493,-0.2124,1.4999,0.8642,1.1644,-0.0065,-0.0295,1.7042,12.2858
11187500,65500,27.1,38.04,24.6453,6.19,0.1422,15.4472,0.0002,0.002,0.5041,2.3597,0.0451,-0.2584,1.467,0.8381,1.0721,-0.0037,0.0564,1.4731,14.7805
11267500,66000,56.02,87.33,29.6272,7.7578,0.1335,17.7605,0.0004,0.0005,1.0859,2.8887,0.0745,-0.2725,1.4329,0.8549,1.1715,-0.0008,0.0096,1.8931,11.5728
11342500,66500,38.41,97.98,26.4767,7.6481,0.1478,15.5429,0.0003,0.0223,0.5595,2.5558,0.059,-0.1634,1.4662,1.2218,1.1492,0.0239,0.0825,1.7568,8.9188
11417500,67000,19.52,43.75,32.8406,12.5246,0.1946,17.6796,0.0002,0.0134,0.9385,1.4898,0.0596,-0.2524,1.4586,0.8562,1.0734,-0.0185,0.0598,2.1519,16.8264
11492500,67500,41.45,39.94,25.8996,7.5544,0.1645,15.5824,0.0002,0.0011,0.3484,2.2487,0.0386,-0.2479,1.513,0.8497,1.3836,-0.0189,0.0429,2.2827,10.8398
11567500,68000,49.0,39.65,29.0092,10.3776,0.1555,16.2101,0.0002,0.0021,0.699,1.5647,0.0894,-0.2601,1.4008,0.7654,1.1046,0.0266,0.0097,2.5519,13.6063
11642500,68500,14.28,128.53,25.8289,7.515,0.1594,15.8502,0.0003,0.0037,0.421,1.8793,0.0401,-0.2078,1.2373,0.8069,0.8412,-0.0252,0.0643,2.9435,21.5416
11717500,69000,14.43,69.8,25.5809,7.3084,0.1386,16.0896,0.0002,0.001,0.333,1.7102,0.0628,-0.3071,1.2928,0.9078,0.8934,0.0199,0.0914,3.9455,22.7294
11792500,69500,28.48,100.03,32.281,13.0455,0.1431,15.5805,0.0002,0.0047,0.4049,3.1021,0.0847,-0.2275,1.3192,1.0062,0.9161,-0.0261,-0.0003,3.6754,22.3206
11867500,70000,32.47,82.59,37.2587,14.5521,0.1565,19.0064,0.0002,0.0016,1.1232,2.4188,0.1334,-0.2372,1.4478,0.867,1.4381,-0.0079,-0.0566,2.8359,11.9894
11942500,70500,41.28,43.68,27.8242,8.4409,0.1421,16.2348,0.0008,0.0003,1.0901,1.9153,0.1343,-0.2265,1.3329,0.8028,1.3068,0.0013,0.0137,1.8868,19.5032
12017500,71000,30.59,72.03,34.8059,14.1527,0.149,17.3138,0.0002,0.0032,0.6567,2.5303,0.1134,-0.2548,1.3375,0.9202,1.0442,-0.0267,-0.1188,2.4292,22.7965
12092500,71500,20.83,47.9,30.1143,9.4158,0.1637,17.133,0.0003,0.004,1.0575,2.3401,0.0695,-0.2482,1.3115,1.0131,1.0292,0.0305,0.0766,3.1732,22.7878
12167500,72000,25.48,50.92,28.3356,8.1916,0.1472,16.6646,0.0002,0.0015,0.7718,2.5586,0.07,-0.3142,1.2649,1.1917,0.8724,0.0667,0.2087,3.745,25.008
12242500,72500,7.87,11.18,29.2147,8.5759,0.1727,17.2288,0.0006,0.0007,0.9662,2.2698,0.0539,-0.2213,1.3523,0.9391,1.1098,-0.0123,-0.0295,4.6645,21.2325
12317500,73000,33.64,29.8,28.4463,8.2653,0.1344,15.786,0.0003,0.0006,1.2451,3.0145,0.1096,-0.191,1.367,0.8816,1.004,-0.0346,-0.0624,4.0958,20.7767
12392500,73500,7.23,15.21,26.858,8.1192,0.1523,15.8734,0.0002,0.0022,0.5636,2.1471,0.0714,-0.2724,1.358,1.1888,1.1096,-0.0014,0.0158,4.2451,19.233
12467500,74000,12.34,10.66,29.4982,9.5426,0.1307,17.3806,0.0002,0.0004,0.7283,1.7154,0.0658,-0.242,1.318,0.8671,1.0713,-0.0023,-0.0135,5.011,24.3937
12545000,74500,34.56,40.36,22.2941,6.3128,0.1477,13.5247,0.0002,0.0006,0.2045,2.1035,0.0905,-0.2507,1.4029,0.8446,1.0815,0.0075,0.0516,4.2154,19.8951
12620000,75000,22.62,51.92,34.9125,11.8777,0.1765,19.6384,0.0003,0.0104,1.3037,1.9055,0.1363,-0.1949,1.3743,0.8164,0.9462,-0.0099,-0.1487,2.7794,23.6926
12695000,75500,48.44,13.86,31.0832,8.6674,0.165,18.8086,0.0002,0.001,0.9564,2.4847,0.1011,-0.2248,1.368,0.9481,1.0689,0.0189,-0.0337,3.0269,10.0217
12770000,76000,2.54,7.88,27.4804,7.0529,0.1548,16.9579,0.0002,0.0007,1.1721,2.1417,0.077,-0.2823,1.2932,1.13,0.9446,0.0538,0.0092,2.3999,18.706
12845000,76500,25.31,19.15,24.6807,7.0795,0.1606,14.8719,0.0001,0.0006,0.2751,2.293,0.0746,-0.2281,1.2273,0.7904,0.9881,0.0154,0.0074,3.2965,23.3676
12920000,77000,24.12,98.79,27.3038,7.7215,0.1565,17.5538,0.0002,0.0003,0.5989,1.2727,0.03,-0.1879,1.1914,0.692,0.8034,-0.0299,0.0157,2.3293,25.1052
12997500,77500,40.6,90.12,26.2239,8.1256,0.1531,15.7914,0.0002,0.0005,0.616,1.5371,0.0548,-0.2186,1.2445,0.7884,1.0466,-0.0076,-0.0644,2.7989,22.2001
13072500,78000,24.13,63.09,28.4666,8.4341,0.1467,17.406,0.0001,0.0042,0.2615,2.2141,0.0455,-0.2051,1.3683,0.9483,1.0185,0.0086,0.008,3.6815,14.8271
13152500,78500,44.32,74.9,24.8476,8.4815,0.1346,14.5088,0.0001,0.0025,0.241,1.479,0.0634,-0.3139,1.2822,0.7389,0.9336,-0.0269,0.0478,2.8236,15.2362
13227500,79000,24.62,73.41,29.2931,9.1743,0.1401,16.7141,0.0001,0.0006,1.126,2.1379,0.1049,-0.2639,1.1754,0.8409,0.8944,-0.0128,0.0074,2.7234,19.7101
13302500,79500,12.29,12.25,21.8016,5.6708,0.1307,14.6844,0.0001,0.0007,0.2913,1.0236,0.0566,-0.2355,1.338,0.7422,1.0147,-0.0108,-0.1165,3.0951,13.7589
13377500,80000,17.36,14.47,32.6981,10.7841,0.1547,18.8087,0.0002,0.0013,0.4993,2.45,0.0693,-0.2222,1.3933,1.1303,1.1359,-0.0144,-0.1729,3.8942,13.604
13452500,80500,25.48,24.22,33.8586,9.7608,0.1308,20.1865,0.0001,0.0215,1.2978,2.4611,0.0707,-0.2363,1.3305,0.9762,1.1329,0.0181,-0.0829,4.2641,9.1388
13535000,81000,69.08,65.23,27.6289,7.3626,0.1612,17.2205,0.0002,0.0014,0.5952,2.2877,0.1108,-0.2745,1.3545,1.0266,1.1514,0.0036,0.005,3.7005,7.6087
13612500,81500,39.94,101.46,23.7903,5.8614,0.1386,15.718,0.0001,0.0003,0.8159,1.2559,0.015,-0.1647,1.1587,0.681,0.8143,-0.0158,-0.0682,2.1099,14.836
13692500,82000,58.53,103.96,28.7492,9.1329,0.147,17.1949,0.0001,0.0021,0.4927,1.7795,0.0361,-0.2892,1.1864,0.9487,1.0816,-0.0282,0.0064,2.7078,13.2519
13767500,82500,36.45,45.02,35.578,7.4275,0.1559,25.5064,0.0002,0.0029,1.2561,1.2289,0.0478,-0.2477,1.2728,1.0885,0.954,0.0575,-0.0963,4.0981,7.7909
13842500,83000,17.93,13.91,33.1649,8.0557,0.1505,22.0128,0.0013,0.0051,1.6571,1.2823,0.126,-0.3045,1.1417,1.1506,1.2024,0.0649,0.0944,5.5608,9.9387
13917500,83500,24.05,14.25,32.2511,8.8942,0.1901,20.4702,0.0001,0.0055,1.1579,1.5331,0.0644,-0.2547,1.0846,0.8336,1.0033,0.0089,0.0414,4.3344,15.5914
13997500,84000,58.69,66.06,28.6113,6.9094,0.1504,18.9059,0.0003,0.0014,0.9283,1.7155,0.0409,-0.2182,1.2461,0.8467,1.0659,-0.0133,-0.0158,3.0712,9.6336
14075000,84500,48.27,50.14,31.1029,9.0329,0.1445,19.5071,0.0004,0.0031,0.9151,1.4999,0.0968,-0.2428,1.2415,0.7591,1.1453,0.0046,-0.1093,2.6593,15.2289
14160000,85000,72.63,65.48,27.6056,6.6698,0.1806,18.7373,0.0004,0.0021,0.6425,1.373,0.0606,-0.1929,1.0345,0.8036,0.9991,0.011,-0.0584,2.947,13.6338
14245000,85500,78.12,87.42,31.4776,8.1354,0.1432,19.896,0.0023,0.0022,0.604,2.6945,0.118,-0.2213,1.3592,1.0906,0.9768,-0.0171,-0.0187,3.0863,7.7567
14320000,86000,34.02,77.14,31.2887,7.2197,0.151,20.4413,0.0011,0.0096,1.2578,2.2083,0.1139,-0.1853,1.3203,0.8133,1.0303,-0.0109,-0.0158,2.194,15.5979
14405000,86500,73.88,78.13,27.5105,6.5894,0.1524,17.569,0.0006,0.0059,0.7574,2.4359,0.1001,-0.215,1.2175,0.8502,0.8708,0.0149,-0.0309,2.5161,10.5161
14480000,87000,27.88,20.21,31.4479,7.5227,0.1508,19.8948,0.0024,0.0155,1.2885,2.5731,0.1479,-0.288,1.2586,0.9663,1.0537,0.0448,0.0529,2.8536,14.3756
14555000,87500,27.45,69.74,28.2967,7.0652,0.1378,18.5959,0.0011,0.0295,0.6192,1.8479,0.0459,-0.2388,1.2442,0.9583,0.9322,0.0239,-0.041,3.091,16.8627
14630000,88000,27.77,48.47,28.6719,6.4032,0.1307,19.2847,0.0004,0.0069,0.7634,2.0826,0.0435,-0.3029,1.3616,1.1401,1.0377,-0.0065,-0.0826,2.9289,15.1652
14705000,88500,35.33,18.05,27.4793,6.0445,0.133,17.6124,0.0003,0.016,0.8004,2.8727,0.0581,-0.2316,1.5176,0.9911,1.2972,0.0217,-0.0375,3.6152,6.1562
14780000,89000,62.84,18.81,30.1076,6.8291,0.1711,17.8651,0.0008,0.0025,1.1894,4.0497,0.0493,-0.2145,1.4728,1.2592,1.1934,0.1176,-0.004,6.1826,4.393
14855000,89500,28.22,13.4,26.9528,5.8504,0.1445,18.0039,0.0005,0.0169,0.5933,2.3434,0.0422,-0.1956,1.4893,0.7996,1.7304,-0.0711,0.077,4.4815,5.1932
14930000,90000,32.37,21.47,25.8878,5.5811,0.1376,17.8524,0.0004,0.0069,0.5542,1.7551,0.0605,-0.2335,1.5147,1.0327,1.2614,-0.0157,0.0197,3.088,5.2305
15005000,90500,36.97,66.72,29.3503,7.0832,0.173,19.6258,0.0008,0.0055,1.0716,1.3905,0.0427,-0.1699,1.4142,0.7658,1.1326,-0.0134,-0.0335,3.0427,11.1385
15080000,91000,62.49,22.03,28.1136,5.8981,0.1484,18.6939,0.0004,0.0025,1.0345,2.3358,0.0614,-0.2084,1.4917,1.0495,1.2276,0.0017,-0.0585,2.4028,5.4458
15155000,91500,12.6,11.4,25.9662,5.6452,0.1755,17.6051,0.0009,0.0017,0.5312,2.0067,0.0773,-0.2143,1.3427,0.9104,1.0125,0.0179,0.0548,2.7019,12.661
15235000,92000,51.55,107.18,25.5985,5.2748,0.1769,17.2553,0.0005,0.0122,0.677,2.2019,0.0518,-0.2106,1.3028,0.9703,0.9648,0.024,-0.06,2.6406,15.1515
15312500,92500,31.5,76.64,28.0643,5.6482,0.2235,19.4386,0.0002,0.0004,0.9149,1.8385,0.0453,-0.2894,1.1869,0.9244,0.9752,0.0609,0.0141,3.6224,14.857
15387500,93000,15.01,45.7,28.2718,5.7662,0.1843,20.0239,0.0006,0.0009,0.7832,1.5127,0.0618,-0.2099,1.2707,0.8819,0.9387,-0.0081,0.0478,3.9062,17.1112
15475000,93500,84.85,85.79,26.9053,6.1586,0.1553,17.6666,0.0002,0.0025,0.5049,2.4171,0.0735,-0.2161,1.3032,1.227,0.9276,0.0381,-0.0256,3.1656,12.478
15550000,94000,22.72,62.18,24.1804,4.6993,0.155,17.0456,0.0004,0.0007,0.4432,1.8363,0.1018,-0.2165,1.2979,0.8452,1.0044,0.0237,-0.0294,3.0574,13.014
15637500,94500,87.68,92.9,28.3282,7.0439,0.1844,18.3299,0.0009,0.0019,0.9249,1.8423,0.0791,-0.1792,1.2779,0.8737,1.0157,-0.0126,-0.0145,3.1925,13.2939
15715000,95000,38.77,69.43,25.97,5.3308,0.1452,17.2923,0.0003,0.0033,0.8491,2.349,0.082,-0.2829,1.2675,0.8975,1.267,0.0111,0.0175,2.9298,9.6752
15795000,95500,50.86,83.99,26.9053,5.7367,0.1591,17.1369,0.0003,0.0081,1.2289,2.6354,0.0744,-0.2681,1.2921,0.9906,0.9019,0.0231,-0.0244,3.2678,15.4022
15870000,96000,30.82,96.53,30.8372,7.0818,0.16,20.0207,0.0002,0.0077,1.0585,2.5083,0.0724,-0.2277,1.4519,1.153,1.0919,0.0148,-0.0758,3.2554,12.5618
15952500,96500,64.1,85.52,30.1528,6.884,0.1735,19.3366,0.0004,0.0037,1.285,2.4696,0.1442,-0.2112,1.424,0.9442,1.1699,-0.0199,-0.0401,3.6202,10.4584
16032500,97000,53.96,80.7,28.2673,6.1145,0.1463,19.0102,0.0002,0.0027,1.3092,1.6842,0.1027,-0.2474,1.3586,0.7979,1.2239,-0.0065,0.0617,2.4301,10.0974
16117500,97500,79.89,86.17,25.7985,5.1423,0.1594,16.9317,0.0002,0.0038,0.8604,2.7006,0.0793,-0.2408,1.3944,0.943,1.215,0.0026,-0.0176,2.5776,8.2486
16197500,98000,55.57,67.3,26.7239,5.8476,0.1378,17.7289,0.0001,0.0196,0.8502,2.1398,0.052,-0.2373,1.5134,0.8304,1.2643,-0.0052,-0.0202,2.3922,9.8688
16280000,98500,76.43,114.13,24.4368,4.716,0.1307,16.3226,0.0008,0.0043,0.7129,2.5495,0.0332,-0.2032,1.3905,0.9119,1.3828,0.0685,-0.0275,2.9692,6.1036
16362500,99000,58.12,72.11,31.1435,7.7207,0.1949,19.116,0.0005,0.0053,1.1645,2.9418,0.1557,-0.2312,1.4576,1.198,1.1387,-0.0116,0.0393,3.6382,15.0684
16442500,99500,48.08,70.76,25.8824,5.4705,0.1441,16.1652,0.0002,0.0758,0.5826,3.4441,0.0834,-0.2422,1.4153,0.9158,1.0228,-0.0344,0.0578,3.3075,12.7894
16522500,100000,49.94,63.29,27.5791,5.983,0.1307,18.3953,0.0004,0.0117,0.6737,2.3844,0.055,-0.1953,1.479,0.8925,1.0622,-0.0048,-0.0225,2.9285,8.631
16597500,100500,20.79,37.12,29.2286,6.4151,0.1637,19.2592,0.0004,0.0088,0.846,2.5352,0.0936,-0.2267,1.5403,1.035,1.3334,0.0059,-0.0605,3.5323,6.9494
16672500,101000,21.9,42.0,28.564,6.3791,0.1565,18.7207,0.0003,0.0017,0.6706,2.6353,0.1078,-0.2357,1.3349,0.8912,1.1256,-0.0005,0.0837,3.6197,17.5384
16755000,101500,77.17,64.61,26.2408,5.5993,0.1852,17.381,0.0002,0.002,0.647,2.426,0.0543,-0.2392,1.4822,0.9771,1.5516,-0.0548,-0.0123,3.9055,6.4006
16835000,102000,51.96,83.48,27.0736,5.705,0.1578,17.7455,0.0008,0.0057,0.9203,2.5385,0.0698,-0.2331,1.4219,0.9483,1.2447,0.0077,0.0071,3.1082,10.5315
16910000,102500,25.78,46.15,25.6673,4.9513,0.4385,17.0657,0.0002,0.01,0.9307,2.2709,0.0705,-0.2174,1.3542,0.9879,1.1223,0.059,0.0698,2.8668,16.6642
16985000,103000,25.6,41.13,29.4607,6.5968,0.1474,18.9235,0.0005,0.0065,1.3586,2.4275,0.1388,-0.2514,1.3358,0.9595,1.1801,0.0269,-0.0287,3.5748,11.3807
17065000,103500,65.02,73.21,27.1085,6.3751,0.1307,17.6615,0.0003,0.0218,0.4501,2.4689,0.1031,-0.1665,1.309,0.9543,1.0575,-0.0109,-0.0548,3.362,12.761
17145000,104000,63.09,57.35,28.9315,7.1638,0.134,18.4437,0.0004,0.0179,0.8497,2.3219,0.06,-0.2347,1.3765,1.087,1.0004,-0.0,-0.0291,3.5041,11.413
17227500,104500,95.55,71.11,27.8775,6.3253,0.1481,18.4224,0.0005,0.0117,0.7166,2.2529,0.1177,-0.2808,1.2882,1.0184,1.2565,0.0036,0.0484,3.9494,7.3087
17312500,105000,71.88,86.22,29.9803,7.7625,0.1955,19.8538,0.0077,0.0272,0.6768,1.4568,0.0991,-0.2427,1.3296,0.9357,1.2851,-0.0195,0.0697,3.4155,6.2108
17397500,105500,74.1,66.32,27.2371,7.1188,0.1628,17.5507,0.0049,0.0137,0.3456,2.0405,0.0543,-0.262,1.1844,0.9705,1.1022,-0.0174,0.0526,4.7959,17.1856
17480000,106000,62.19,86.15,33.0515,7.4962,0.1456,23.1969,0.0034,0.0675,0.734,1.4079,0.0428,-0.2234,1.377,1.1786,1.1529,0.0399,-0.0748,4.9941,11.4324
17555000,106500,15.64,43.06,31.6861,8.826,0.1444,20.6864,0.002,0.0116,0.9003,1.1154,0.1111,-0.2209,1.2256,0.8982,0.9589,-0.0285,0.1291,4.2614,16.7812
17637500,107000,63.1,71.84,27.3043,7.0811,0.1568,18.1446,0.0015,0.0189,0.3931,1.5084,0.0452,-0.229,1.239,0.7884,0.9369,-0.0421,-0.052,4.0211,15.42
17717500,107500,45.4,73.24,28.3536,6.8436,0.1503,18.9175,0.0023,0.0161,0.6649,1.7589,0.0863,-0.2595,1.3339,0.9603,1.1244,0.0368,0.0656,3.4136,15.3673
17795000,108000,36.43,68.81,28.864,7.23,0.1708,18.5512,0.0065,0.0092,0.9447,1.9516,0.1154,-0.2131,1.3516,0.8749,1.359,-0.0417,-0.0216,3.8125,13.1581
17872500,108500,35.93,48.88,31.046,8.3156,0.1357,20.1971,0.0046,0.0082,0.8354,1.5494,0.1033,-0.2476,1.2972,0.8906,1.1467,-0.0049,-0.1186,4.2758,12.9548
17947500,109000,61.72,45.53,26.9912,7.4129,0.1482,17.6715,0.0005,0.0053,0.4257,1.327,0.1028,-0.2772,1.294,0.8978,1.4598,0.0529,-0.0749,3.6345,6.2473
18027500,109500,48.09,32.21,27.2303,6.9168,0.1411,18.3217,0.0018,0.0074,0.4524,1.3892,0.0611,-0.2742,1.22,1.0014,1.3045,0.0242,0.0251,4.9139,6.3412
18115000,110000,83.14,72.83,27.0215,6.1502,0.1725,18.709,0.0007,0.0032,0.5496,1.4361,0.071,-0.2324,1.3292,0.8588,1.1251,-0.039,-0.0455,4.6575,11.8164
18197500,110500,68.34,70.27,26.7793,5.9419,0.1753,18.8376,0.0014,0.0035,0.541,1.2786,0.0307,-0.2484,1.2896,0.9796,1.3565,0.054,0.0063,4.6275,8.8942
18280000,111000,91.21,93.31,40.1492,5.7537,0.1445,32.0456,0.0015,0.012,1.2248,0.9671,0.0649,-0.2247,1.3776,1.1282,1.229,0.0451,-0.0713,4.9661,9.867
18365000,111500,74.31,65.2,27.7775,6.1768,0.1595,19.4609,0.0006,0.0162,0.537,1.4265,0.1193,-0.1867,1.4175,0.8904,1.1324,-0.0294,0.0883,3.973,10.9413
18440000,112000,27.58,96.45,24.0827,4.226,0.1337,16.4468,0.0003,0.0075,0.4944,2.7739,0.0518,-0.1921,1.4192,1.0666,1.1759,0.0157,-0.03,4.6057,11.201
18522500,112500,62.54,78.82,29.9703,6.1389,0.1402,20.7799,0.0009,0.0116,1.0699,1.8289,0.0961,-0.2378,1.4381,0.913,1.1481,-0.0605,0.0137,4.4197,8.0478
18597500,113000,17.04,20.31,26.522,5.3815,0.1367,18.0807,0.0014,0.0229,0.7306,2.1681,0.0997,-0.1776,1.4289,0.989,1.1938,-0.0203,0.0087,3.7981,8.6259
18680000,113500,64.85,93.36,25.9633,5.2749,0.1526,18.4635,0.0007,0.0059,0.4784,1.5874,0.0643,-0.2531,1.3643,0.908,1.1758,-0.021,-0.0116,4.7249,9.6805
18755000,114000,16.98,16.63,27.6482,5.9844,0.1517,18.8595,0.0003,0.0051,0.8242,1.8231,0.0886,-0.1775,1.3614,0.9513,1.1395,-0.0038,-0.0308,4.2631,9.9986
18837500,114500,58.99,65.01,25.3705,4.62,0.1924,18.4931,0.0008,0.0058,0.5949,1.4636,0.0371,-0.1229,1.106,1.0805,1.1941,0.076,-0.1061,4.6073,10.5886
18912500,115000,20.78,30.5,28.9341,6.4804,0.1636,19.5058,0.0005,0.0078,0.946,1.83,0.0661,-0.1034,1.2423,1.0219,1.2477,-0.0074,0.0463,5.9598,8.9692
18990000,115500,30.81,48.84,25.0454,4.7574,0.1686,17.5509,0.0012,0.0066,0.6429,1.9178,0.0989,-0.0838,1.1923,1.1512,1.2914,-0.0137,-0.0951,5.1798,10.6783
19072500,116000,66.32,63.75,26.1397,5.4772,0.1307,18.3273,0.0005,0.0072,0.4982,1.6985,0.0496,-0.1737,1.05,1.1548,1.4285,0.028,0.0695,5.7742,10.6393
19147500,116500,16.28,16.27,26.6198,6.2205,0.1465,17.4813,0.001,0.0146,0.6152,2.1407,0.0895,-0.1363,1.1507,1.1846,1.0993,0.0576,-0.0231,6.4985,12.1973
19302500,117000,28.45,53.45,23.7639,5.4443,0.1529,16.3631,0.0094,0.0125,0.3071,1.4746,0.1313,-0.1138,0.843,0.7984,1.1303,-0.0209,0.0823,3.9258,17.7579
19377500,117500,28.43,16.59,21.721,4.1542,0.1862,16.0612,0.0091,0.0076,0.2152,1.0875,0.0735,-0.0603,1.2114,0.9348,1.2257,-0.0305,-0.0628,5.9121,10.1438
19452500,118000,0.0,0.64,20.7748,3.8082,0.1481,15.0503,0.0054,0.0487,0.1896,1.5245,0.0712,-0.1457,0.9505,0.9654,1.3506,0.0422,-0.0606,8.3516,10.1463
19527500,118500,0.0,1.04,22.1419,3.9821,0.148,16.6185,0.0047,0.0122,0.2579,1.1186,0.0448,-0.1084,0.6267,0.8128,1.0289,0.0008,-0.1055,9.5048,12.8982
19602500,119000,0.0,0.46,18.5247,2.7648,0.1307,14.5134,0.0014,0.0032,0.1405,0.9708,0.027,-0.0614,0.5685,0.7392,0.9499,0.0743,-0.0482,10.774,13.5773
19677500,119500,15.0,34.5,32.4119,6.3299,0.223,23.3175,0.0217,0.0498,0.6,1.87,0.0526,-0.0143,0.931,1.1433,1.3804,-0.031,0.1428,4.7163,17.5147
19755000,120000,37.88,90.77,20.7357,3.3444,0.1307,15.6084,0.0015,0.0092,0.2208,1.4207,0.0404,-0.1205,0.7371,0.8784,1.0222,0.0471,-0.058,7.0155,11.7669
19840000,120500,80.36,68.33,22.7589,4.8722,0.1458,15.889,0.0023,0.0029,0.2794,1.5672,0.0485,-0.0797,0.6877,0.8177,1.1357,-0.003,-0.0676,5.709,18.5582
19917500,121000,39.17,59.17,23.7459,4.8221,0.1504,17.1094,0.0062,0.0106,0.5189,1.1284,0.0773,-0.1211,0.6451,0.8586,0.9514,0.0347,-0.0472,5.4587,21.201
19992500,121500,9.34,60.33,25.5073,5.3957,0.1416,18.0534,0.0041,0.0124,0.4852,1.4148,0.0818,-0.156,0.5785,0.8201,0.799,0.0408,0.0696,5.8451,29.0724
20067500,122000,27.98,61.0,26.2384,6.0887,0.1686,17.9055,0.0032,0.0067,0.496,1.5697,0.0998,-0.1338,0.6495,0.9104,1.1009,0.0234,0.1324,6.4503,24.1438
20142500,122500,24.82,49.21,24.4675,5.4441,0.1334,16.8456,0.0022,0.0044,0.2835,1.7542,0.071,-0.1693,0.6527,0.985,0.9349,0.0541,0.017,5.8782,24.878
20222500,123000,48.1,59.27,25.4015,5.5253,0.1539,17.8136,0.0047,0.0079,0.5444,1.3519,0.048,-0.1455,0.7134,0.9281,1.0572,0.0807,-0.1483,6.0876,22.0651
20302500,123500,49.2,72.21,26.5635,5.0495,0.1512,19.2072,0.0026,0.0028,0.6506,1.4995,0.0409,-0.0332,0.7349,0.8439,0.9752,0.0057,-0.021,6.4768,20.2385
20382500,124000,45.98,90.42,25.3021,5.0081,0.1337,17.6336,0.0038,0.0145,0.5637,1.9446,0.0677,-0.1364,0.7021,1.0442,1.122,0.0754,-0.1187,7.0466,24.1058
20457500,124500,24.99,48.59,23.7545,5.8901,0.1538,15.8968,0.0034,0.0082,0.3157,1.4866,0.0924,-0.0381,0.5999,0.7304,0.9655,-0.0271,-0.0925,6.3334,24.9601
20532500,125000,22.63,71.2,25.7289,6.1188,0.1307,17.4303,0.0032,0.0091,0.5585,1.4784,0.0445,-0.0688,0.8776,0.8397,1.1433,0.0254,-0.0193,4.7882,24.7089
20612500,125500,41.94,72.83,23.3419,4.3926,0.1519,16.721,0.0031,0.0051,0.313,1.7552,0.0577,-0.1785,0.8366,0.8855,0.8048,0.0183,-0.0088,5.8402,27.2056
20687500,126000,20.84,94.72,33.768,6.4141,0.1401,25.3201,0.0071,0.0648,0.839,0.9827,0.0925,-0.0698,0.9114,0.9628,1.0176,-0.0788,0.3491,4.7757,26.9603
20762500,126500,21.7,64.68,23.0222,5.2253,0.1466,16.0865,0.0029,0.0139,0.273,1.2738,0.0572,-0.1348,0.8636,0.785,0.9332,0.0003,-0.052,4.6635,19.8793
20840000,127000,37.84,72.16,25.0888,4.8903,0.1438,17.4897,0.0025,0.0107,0.6944,1.8575,0.0658,-0.1349,1.0676,1.009,1.2116,0.0614,0.0295,5.2573,11.9058
20925000,127500,77.51,74.8,26.4848,5.5954,0.1606,18.0693,0.0017,0.0059,0.6331,2.0187,0.0945,-0.1105,0.9428,0.9554,1.3875,0.0112,0.02,5.6974,16.5125
21000000,128000,21.9,80.24,27.3471,6.0934,0.1373,18.7462,0.0025,0.007,0.5928,1.7678,0.0917,-0.1429,0.9116,0.8516,1.2187,-0.0308,0.1203,4.9838,16.1817
21077500,128500,31.94,99.09,26.7878,5.6603,0.1542,18.7115,0.0033,0.011,0.543,1.7046,0.0768,-0.0802,1.0171,1.0249,1.0913,-0.0251,0.1191,4.6212,24.3262
21160000,129000,59.01,93.28,26.6164,5.6896,0.1319,18.5214,0.0019,0.006,0.6386,1.6271,0.0732,-0.1293,0.9815,0.8737,1.1246,0.0073,0.0063,4.5738,13.4532
21240000,129500,44.85,51.76,30.6646,6.5985,0.1561,20.2777,0.0041,0.0294,0.6858,2.913,0.0749,-0.1654,1.0893,1.123,1.3491,-0.012,-0.0518,4.5394,8.1016
21322500,130000,61.07,68.43,28.8392,6.2317,0.1307,19.8488,0.0034,0.0252,0.7945,1.8049,0.0817,-0.1144,1.0703,0.9347,1.3955,-0.0412,-0.2285,5.2918,10.5327
21402500,130500,50.97,104.59,26.9228,5.6145,0.1385,18.6312,0.0015,0.0055,0.6588,1.8728,0.1196,-0.1542,0.8822,0.9311,1.193,0.0235,0.0593,4.2617,12.7003
21482500,131000,50.07,72.85,26.9312,5.789,0.1356,18.1869,0.0016,0.036,0.6257,2.1565,0.0853,-0.1429,0.8318,0.9554,1.2121,0.0341,-0.1699,6.1342,13.6231
21557500,131500,26.93,108.4,26.7301,6.0362,0.1456,18.2169,0.0029,0.0179,0.7002,1.6103,0.0972,-0.1205,0.9138,0.8963,1.2315,-0.0217,-0.0386,5.2008,18.1499
21637500,132000,48.99,58.78,28.9626,6.4682,0.1524,19.8059,0.0021,0.018,0.7182,1.7978,0.1479,-0.0844,0.9173,0.893,1.1613,-0.0352,-0.0102,4.8278,14.7599
21712500,132500,25.1,34.12,27.982,5.8082,0.1452,18.9715,0.0016,0.0067,0.8169,2.2318,0.0791,-0.1683,0.9418,0.9193,1.2168,0.0403,0.0696,5.1551,15.9117
21800000,133000,86.18,66.59,29.3014,5.9116,0.1627,20.1075,0.0031,0.0069,0.6895,2.4202,0.1174,-0.1565,1.0991,1.1013,1.2743,0.0559,0.0329,5.3261,9.5087
21880000,133500,44.99,50.41,29.4929,6.2183,0.1757,20.174,0.0112,0.1086,0.6326,2.1724,0.0743,-0.1642,1.0936,1.1245,1.4613,0.1577,0.0014,12.4766,6.9216
21957500,134000,68.12,61.39,28.6533,5.9393,0.1673,19.9957,0.0032,0.008,0.6513,1.8885,0.0736,-0.063,1.0241,1.0009,1.3893,-0.0714,-0.1125,10.4903,6.4536
22035000,134500,30.66,60.22,27.5968,5.9556,0.173,19.3774,0.0043,0.0173,0.6543,1.4149,0.0695,-0.1009,1.1182,0.9411,1.2137,-0.0211,0.0545,8.8618,18.3696
22110000,135000,23.11,84.67,25.6372,6.0546,0.1763,17.5567,0.0028,0.0074,0.4152,1.4243,0.123,-0.2245,0.9633,0.8536,1.1126,-0.0328,0.0259,6.0309,18.5584
22185000,135500,11.34,72.08,30.4799,7.9046,0.1401,19.7034,0.0027,0.0079,0.8871,1.8341,0.1092,-0.1743,0.9787,0.9403,1.0589,0.0111,0.012,5.1707,19.042
22262500,136000,28.71,52.19,28.3476,7.1037,0.1608,19.2883,0.0019,0.004,0.6268,1.1621,0.1292,-0.1151,0.9367,0.819,1.345,0.0039,-0.0474,4.8592,17.4765
22350000,136500,81.9,76.39,27.2412,6.3954,0.1307,18.5231,0.0024,0.0065,0.6529,1.5302,0.0802,-0.1656,0.8469,0.9275,1.2061,0.0328,-0.0515,4.7098,11.8043
22437500,137000,81.23,67.49,26.8085,6.2792,0.1438,18.0293,0.0028,0.0063,0.6109,1.7362,0.0532,-0.1002,0.8971,0.8859,1.1061,-0.0235,-0.0109,5.2489,12.2032
22522500,137500,70.11,66.02,34.3817,9.7048,0.1378,22.2883,0.0021,0.0041,0.8181,1.4266,0.1196,-0.1185,0.9468,0.9869,1.2039,0.0119,0.0236,5.148,12.3071
22610000,138000,83.15,79.86,28.3295,6.6845,0.142,19.2674,0.0014,0.0006,0.601,1.6327,0.069,-0.1334,0.8712,0.831,1.1013,0.0069,-0.0767,4.9872,16.9238
22695000,138500,70.11,67.23,29.8541,7.3861,0.1551,19.8782,0.0015,0.0069,0.5768,1.8495,0.052,-0.1687,0.9485,0.8306,1.1024,0.0142,-0.0412,5.2044,13.4337
22782500,139000,91.06,76.66,28.5701,6.3065,0.1475,19.7277,0.0013,0.0141,0.4002,1.9728,0.099,-0.1725,1.0668,0.9913,1.1985,-0.0327,-0.2001,5.5259,11.3912
22870000,139500,81.34,75.48,28.7251,7.3254,0.1307,19.1424,0.001,0.005,0.5436,1.577,0.1039,-0.1078,0.6974,0.7237,1.1769,-0.0122,0.0166,7.4736,11.4262
22955000,140000,71.17,75.84,29.3993,7.0489,0.1506,19.8497,0.0009,0.0072,0.6694,1.6726,0.1354,-0.0893,0.8492,0.8906,1.1601,-0.0806,-0.0947,6.5188,17.1331
23040000,140500,73.13,74.26,27.3878,6.0443,0.1472,18.2015,0.0007,0.0043,0.3893,2.6003,0.0871,-0.1033,0.7906,1.0161,0.9824,0.0548,-0.0573,6.8282,13.093
23125000,141000,70.04,68.53,39.3499,7.5319,0.1483,29.4233,0.002,0.0267,1.3064,0.9113,0.0947,-0.1594,0.9924,0.9701,1.4125,-0.0461,0.0244,9.339,10.8931
23212500,141500,83.34,70.98,32.0541,6.1056,0.1407,23.0023,0.001,0.0313,0.8279,1.9454,0.0466,-0.0372,1.0531,1.2496,1.3983,-0.1326,-0.0732,8.3293,6.6694
23287500,142000,28.09,21.54,32.0735,6.5312,0.1503,22.889,0.0017,0.014,0.8497,1.6376,0.1532,-0.2125,0.9906,1.0719,1.0708,0.0525,-0.0002,8.9421,14.1517
23367500,142500,45.95,44.97,28.5467,5.6509,0.1602,20.531,0.0008,0.0099,0.6428,1.551,0.0637,-0.0606,0.99,0.923,1.4525,0.0381,-0.4144,8.8788,12.2422
23452500,143000,67.01,60.32,26.772,5.6568,0.1824,18.7566,0.0015,0.0077,0.3297,1.8372,0.0758,-0.089,0.8786,0.9485,1.1892,0.0287,0.0699,8.5192,12.3398
23527500,143500,15.69,6.27,26.6538,6.0367,0.1408,18.6209,0.0008,0.0078,0.4187,1.428,0.067,-0.0706,0.6985,0.7717,1.0274,-0.0538,0.0107,9.1002,16.4361
23602500,144000,10.45,6.4,25.7647,4.6643,0.142,18.4879,0.0009,0.0065,0.4159,2.0474,0.0453,-0.1427,0.81,1.1316,1.0726,0.2009,-0.0855,8.7449,16.3097
23690000,144500,81.09,68.9,28.8992,6.3759,0.1401,20.1496,0.0009,0.008,0.64,1.5846,0.0974,-0.1863,0.6995,0.9446,1.2682,-0.0282,0.0028,9.3724,8.9706
23765000,145000,0.0,2.52,26.2389,6.4939,0.1409,17.7789,0.0022,0.011,0.3166,1.4955,0.077,-0.1042,0.8095,0.8749,1.2099,-0.0557,0.028,8.9431,17.0764
23847500,145500,59.01,56.88,23.0216,4.5561,0.1621,16.308,0.002,0.0077,0.3293,1.6563,0.066,0.0217,0.9525,0.8469,1.1056,-0.0376,0.0969,6.5871,19.3464
23935000,146000,84.25,81.67,25.5771,5.5204,0.1424,17.6943,0.0007,0.0061,0.4702,1.7431,0.0636,-0.1368,0.9141,0.8274,0.987,-0.0753,0.039,6.8046,14.5582
24012500,146500,30.9,37.33,24.6467,4.8543,0.1536,18.1331,0.0007,0.0027,0.317,1.1852,0.0412,-0.0254,0.78,0.6995,0.9301,-0.0219,0.0393,4.7987,21.5294
24087500,146750,84.08,73.64,27.6688,6.0297,0.1433,19.4584,0.0018,0.0059,0.302,1.7277,0.0487,-0.1513,1.1129,1.0749,1.1854,0.0139,-0.0104,4.9866,15.1474
24162500,147000,85.26,68.94,25.7482,5.2616,0.1376,17.5366,0.0012,0.0018,0.5614,2.2482,0.0675,-0.1316,0.8103,1.0184,1.1609,0.0692,-0.1149,6.1163,13.4076
24237500,147250,86.19,69.29,30.3419,5.8989,0.1474,20.9569,0.0021,0.0085,0.733,2.5952,0.0747,-0.1399,1.0194,1.4263,1.2175,0.0115,-0.1094,7.4795,11.5309
24382500,147750,73.27,72.415,23.5476,4.3829,0.1507,17.4486,0.0012,0.0035,0.3359,1.2248,0.0599,-0.1907,0.8786,0.8248,1.2988,-0.0284,0.0427,7.1318,11.3855
24510000,148250,19.95,44.995,31.5616,7.2717,0.1354,22.1623,0.003,0.016,0.464,1.5093,0.0536,-0.0294,0.9171,1.0948,1.0406,-0.0494,0.1576,6.5802,20.075
24650000,148750,61.0,77.47,25.7968,5.9553,0.1737,17.7067,0.0003,0.0028,0.3466,1.6114,0.0451,-0.1251,0.9139,0.9448,0.989,-0.0575,0.062,6.2712,16.9326
24775000,149250,20.77,49.08,40.7377,5.0378,0.174,33.4767,0.0008,0.0107,1.1405,0.8971,0.069,-0.113,1.0431,1.0571,1.1471,-0.0305,0.0304,6.2193,11.1134
24900000,149750,11.93,32.6,31.4976,5.0677,0.1307,24.9943,0.0012,0.008,0.4729,0.8228,0.0286,-0.1247,0.9576,1.0819,1.197,0.0184,-0.0341,5.4287,10.6185
25045000,150250,89.07,75.99,25.303,5.3028,0.1612,17.5903,0.0006,0.0019,0.448,1.7982,0.0495,-0.1722,0.9674,0.9644,1.2982,0.0406,-0.1264,7.4477,13.3336
25172500,150750,28.35,79.05,26.6963,5.2057,0.1633,19.6037,0.0021,0.0173,0.5362,1.1679,0.1047,-0.1404,1.0593,0.9357,1.2846,0.0012,-0.2297,6.6467,21.8297
25297500,151250,20.79,33.735,28.4053,7.4422,0.158,18.9634,0.0009,0.0025,0.542,1.2962,0.0923,-0.1187,0.9121,0.7835,1.1533,-0.0241,0.035,5.3112,22.6054
25422500,151750,20.82,29.145,28.781,7.7082,0.137,19.2302,0.0006,0.0025,0.4982,1.2044,0.0813,-0.0829,0.8043,0.8782,0.9666,0.0201,-0.0,4.5549,16.1557
25547500,152250,13.04,8.87,36.9569,5.1605,0.1669,29.9261,0.0016,0.015,0.9706,0.7163,0.0669,-0.1305,1.2111,0.972,1.1992,-0.0169,-0.0361,4.7458,13.7762
25672500,152750,15.58,11.805,30.396,5.0996,0.1412,23.4312,0.0017,0.0075,0.6869,1.0279,0.0543,-0.147,1.1592,0.9023,1.2836,-0.0077,0.0229,4.1779,11.4123
25800000,153250,24.26,33.335,35.0195,8.6637,0.1371,24.964,0.0006,0.0031,0.5021,0.7488,0.0362,-0.1047,0.9965,1.2852,1.2355,0.056,-0.0619,6.2958,10.4696
25925000,153750,13.06,16.93,27.1452,6.5411,0.1329,19.2281,0.0007,0.0004,0.3651,0.877,0.0746,-0.1625,0.8723,0.7627,0.9274,-0.0043,-0.0556,4.5647,22.7346
26060000,154250,46.0,68.42,36.8485,8.8536,0.1432,25.855,0.0003,0.0015,1.1387,0.8562,0.0706,-0.1059,0.7596,0.7851,0.8301,0.0242,-0.0753,4.4235,24.0401
26190000,154750,34.78,28.8,30.3879,7.7418,0.1512,20.9751,0.0004,0.0089,0.5388,0.9717,0.0604,-0.1068,1.0039,0.8286,1.1614,-0.0377,-0.1575,4.1216,9.8765
26315000,155250,13.54,10.755,25.4004,5.3021,0.1348,18.6158,0.0002,0.0005,0.2527,1.0943,0.01,-0.2241,1.0223,1.0009,1.1928,0.0315,-0.1334,5.613,16.0081
26445000,155750,32.06,43.245,29.1843,6.7067,0.1515,20.9023,0.0003,0.0005,0.3897,1.0334,0.0532,-0.1694,0.9557,0.7714,1.1535,-0.0242,-0.0061,4.4325,11.3106
26572500,156250,24.23,48.64,29.0512,7.1093,0.1512,20.3867,0.0006,0.0022,0.2962,1.105,0.0713,-0.0663,1.0977,0.898,1.1758,-0.0182,-0.1752,3.6112,14.9117
26712500,156750,59.65,61.695,27.1019,5.1869,0.1424,19.824,0.0003,0.0029,0.4286,1.5167,0.0777,-0.1705,1.2436,1.0147,1.1398,-0.0354,-0.0768,3.9563,11.6242
26852500,157250,57.53,57.135,26.316,4.6044,0.1568,19.8412,0.001,0.004,0.3818,1.3268,0.0569,-0.1357,1.0209,0.9072,1.169,-0.0048,-0.0205,4.293,11.3373
27002500,157750,83.62,60.6,41.4685,5.4831,0.1352,32.5295,0.001,0.0091,2.4421,0.8685,0.0794,-0.1132,1.2452,1.0562,1.3427,-0.0161,-0.0204,5.2609,7.8503
27137500,158250,47.43,68.68,26.4676,4.0121,0.1308,20.7444,0.0002,0.0061,0.4006,1.1735,0.0359,-0.0614,0.9604,0.7749,1.1857,-0.0065,0.2325,3.81,22.0727
27272500,158750,53.63,61.395,22.8218,3.4175,0.1916,17.472,0.0004,0.014,0.339,1.3873,0.0331,-0.168,1.126,1.0374,1.0632,0.0111,-0.0132,5.2321,8.0932
27415000,159250,70.13,45.995,26.6245,4.275,0.1809,20.0164,0.0004,0.0066,0.8968,1.2484,0.109,-0.1843,1.0951,1.0173,1.1179,0.0162,-0.0143,5.938,8.7713
27560000,159750,70.28,78.48,23.783,2.8779,0.1459,18.8455,0.0004,0.0066,0.3378,1.5689,0.0465,-0.125,1.1113,0.9218,1.1417,-0.0179,0.0238,5.7659,13.1666
27685000,160250,0.0,1.08,28.0733,5.1604,0.208,20.8014,0.0008,0.0089,0.4884,1.4054,0.1207,-0.1582,1.2075,0.9148,1.0376,0.0091,-0.0042,4.5754,9.5593
27835000,160750,84.22,70.025,21.8738,2.6222,0.1419,16.936,0.0004,0.0031,0.309,1.8611,0.0427,-0.1516,0.8891,0.8225,0.9862,0.0006,0.0289,4.2044,13.4577
27982500,161250,76.48,68.83,29.108,3.3278,0.165,23.8247,0.0007,0.0072,0.7359,1.0468,0.0844,-0.1258,1.1275,0.9237,1.2964,0.001,-0.0855,6.0107,9.8665
28107500,161750,0.0,0.97,24.7379,4.6994,0.1355,17.8086,0.0005,0.0062,0.4327,1.655,0.1153,-0.1087,1.1928,0.9512,1.2716,-0.0229,-0.1321,6.6717,9.189
28247500,162250,60.7,68.825,22.3946,3.0205,0.1709,17.4515,0.0011,0.0075,0.2414,1.5016,0.0388,-0.072,0.8915,1.0181,0.9391,0.0184,-0.0164,6.653,12.5067
28377500,162750,37.65,64.15,28.2041,4.7411,0.15,21.0871,0.0004,0.0075,1.2673,0.9506,0.0747,-0.1331,1.0542,0.9082,1.0295,-0.044,-0.2165,5.2405,17.578
28515000,163250,57.26,60.775,24.7596,4.2063,0.1521,18.639,0.0007,0.0013,0.6353,1.1249,0.0626,-0.1998,1.0541,0.8486,1.0654,0.0121,0.0951,4.716,13.9846
28665000,163750,90.95,59.745,23.3223,3.7357,0.1783,17.2065,0.0022,0.0053,0.4506,1.7437,0.0446,-0.0802,1.0486,0.9606,1.0075,0.0501,-0.0447,5.4437,9.4913
28815000,164250,83.26,60.315,22.0847,2.6644,0.1473,17.3124,0.0001,0.0007,0.3936,1.5661,0.0864,-0.1362,1.001,0.8688,1.104,0.0132,-0.1533,7.0056,13.177
28962500,164750,83.24,67.83,23.8815,3.5757,0.1339,18.7546,0.0005,0.0007,0.4132,1.0029,0.0432,-0.1239,0.9235,0.8265,1.087,0.0003,-0.1073,5.418,22.1652
29100000,165250,54.11,87.145,26.9624,4.4696,0.1501,20.4108,0.001,0.002,0.4733,1.4557,0.094,-0.1359,0.9627,0.8712,1.0149,-0.0124,-0.0675,6.6321,16.8186
29225000,165750,26.66,26.145,26.7724,4.7527,0.1476,19.7432,0.0012,0.0146,0.6085,1.5045,0.1001,-0.0726,0.9846,0.8794,1.2299,-0.0098,-0.0345,7.9196,9.0468
29352500,166250,13.84,15.63,24.0769,3.489,0.1741,18.5216,0.0019,0.0034,0.5563,1.3306,0.0552,-0.0893,1.0003,0.8537,1.233,-0.0125,-0.025,6.5226,10.0108
29477500,166750,0.0,1.595,23.1558,4.0849,0.1307,17.3945,0.0003,0.0054,0.2369,1.3032,0.0708,-0.1093,0.8524,0.7879,1.122,-0.0127,-0.073,6.2571,12.5717
29602500,167250,12.48,24.43,28.1634,4.0767,0.179,22.1718,0.0008,0.0049,0.5143,1.2159,0.0886,-0.1081,0.8373,0.8937,1.0467,-0.0016,-0.0349,5.8215,13.684
29730000,167750,21.67,25.865,23.8406,4.52,0.1529,17.5195,0.0004,0.0002,0.4467,1.2011,0.0516,-0.0885,0.8997,0.7547,1.0133,-0.0253,0.0054,5.5098,9.5508
29865000,168250,49.53,61.245,29.742,5.873,0.1307,22.5016,0.001,0.0028,0.6343,0.5987,0.0299,-0.1066,0.9863,0.9209,1.0294,-0.0296,-0.1116,5.2351,12.4959
29990000,168750,17.68,42.25,24.0338,4.6301,0.1378,17.9217,0.0005,0.0041,0.3685,0.9712,0.0553,-0.1401,0.8077,0.7625,0.8901,-0.0223,0.1094,5.2298,27.6217
30115000,169250,18.25,55.935,21.4506,4.0073,0.1309,15.9516,0.0007,0.0011,0.293,1.066,0.0706,-0.1533,0.8452,0.9715,1.0537,-0.0092,0.0029,4.3951,24.2833
30240000,169750,12.46,24.39,24.9879,4.8654,0.1394,18.6606,0.0002,0.0006,0.5158,0.8061,0.0631,-0.0769,0.9636,0.9587,0.9567,-0.0284,0.0983,4.8505,22.3214
30365000,170250,21.76,58.5,34.0566,6.2876,0.141,26.6049,0.0001,0.0038,0.5202,0.4991,0.093,-0.107,0.8955,0.8361,1.2454,-0.0326,-0.3718,3.9374,14.9349
30490000,170750,15.59,42.085,24.6061,4.3057,0.1582,17.6737,0.0003,0.0031,0.5683,1.8968,0.0568,-0.2036,1.0141,1.0897,1.0674,0.023,0.1154,4.2718,19.2204
30630000,171250,58.07,50.925,29.4327,6.346,0.1662,21.5894,0.0008,0.0005,0.679,0.6508,0.0858,-0.2191,1.1939,0.8764,1.5806,-0.0135,-0.0801,3.658,9.1068
30757500,171750,22.21,62.515,28.2202,5.2484,0.1519,21.4038,0.0003,0.0005,0.5124,0.9029,0.1006,-0.1401,1.0519,0.9484,1.0756,-0.0333,-0.1039,4.4145,20.226
30897500,172250,58.64,69.21,39.905,7.1164,0.1374,30.6626,0.0003,0.0009,1.5873,0.4003,0.0556,-0.0742,0.926,0.8161,1.2268,-0.0215,0.3222,4.6358,16.9778
31045000,172750,78.09,81.805,53.0939,6.8945,0.1307,42.8439,0.0003,0.0206,2.4147,0.7892,0.0734,-0.0436,1.0355,0.9326,1.3863,-0.0037,0.0939,4.0456,11.7811
31195000,173250,82.71,83.65,25.1332,4.9768,0.1523,18.1153,0.0001,0.0038,0.5915,1.2934,0.1036,-0.0864,0.8796,0.861,1.2224,-0.0094,-0.047,5.3454,12.1527
31325000,173750,32.9,51.82,33.1361,8.0193,0.1381,22.8503,0.0001,0.0049,0.7263,1.3971,0.0929,-0.0988,0.8408,1.07,1.1258,-0.0426,0.0872,6.8311,10.9808
31450000,174250,17.77,62.12,35.6431,5.8091,0.1365,27.2128,0.0003,0.0113,0.9977,1.4753,0.0966,-0.0252,0.9912,1.4425,1.4608,0.2536,0.1024,8.1589,18.8927
31575000,174750,16.68,42.59,33.9403,7.5349,0.1343,24.2206,0.0002,0.0013,0.7333,1.3157,0.0595,-0.1077,1.1123,1.1046,1.3155,0.0572,-0.3391,6.054,13.7147
31700000,175250,18.23,46.46,50.3201,6.8452,0.1616,40.4199,0.0001,0.0012,2.333,0.5591,0.0783,-0.0838,1.161,0.7926,1.4068,-0.0699,-0.2751,3.9122,16.3046
31840000,175750,60.54,96.585,29.1562,4.9246,0.1545,22.0385,0.0001,0.0016,0.8895,1.1474,0.0576,-0.0341,1.0861,0.9615,1.2352,-0.013,-0.1668,4.5537,17.8092
31965000,176250,15.58,33.67,28.5054,5.4727,0.1405,20.4782,0.0008,0.0151,0.5528,1.8454,0.0662,-0.1683,0.9919,1.2539,1.078,0.0695,0.0092,4.9326,14.6786
32105000,176750,56.48,55.375,26.7948,5.6971,0.1424,19.4303,0.0001,0.0015,0.545,0.9783,0.0699,-0.1097,1.0703,0.9344,1.2152,0.0022,-0.2643,4.9805,14.7525
32230000,177250,20.73,41.4,40.4121,7.0136,0.1398,30.7355,0.0002,0.0047,1.4507,1.0676,0.0983,-0.1097,1.2356,1.0169,1.2816,-0.0078,-0.1262,4.2937,11.7391
32380000,177750,79.94,64.725,35.2968,5.0401,0.1408,27.9107,0.0002,0.0002,1.2879,0.9168,0.0874,-0.116,1.1098,0.9076,1.5168,-0.0391,-0.0502,3.3207,11.8479
32525000,178250,73.92,73.12,31.8186,7.0621,0.1549,22.2246,0.0001,0.0013,0.6257,1.7498,0.1035,-0.1218,1.1554,1.044,1.4756,0.0165,0.1397,3.8633,8.9635
32675000,178750,84.85,74.73,30.3743,5.8017,0.1388,22.2321,0.0002,0.0076,0.8146,1.3794,0.0654,-0.118,1.2042,0.9332,1.2187,-0.0311,-0.0111,5.1116,12.0179
32802500,179250,16.87,21.15,29.5224,5.3238,0.1548,21.8579,0.0001,0.0007,0.9314,1.2537,0.0909,-0.1475,0.9134,0.8682,1.0973,0.042,0.0603,5.8479,10.2998
32947500,179750,70.57,84.035,27.6871,4.9258,0.1405,19.8109,0.0001,0.0008,0.6829,2.1262,0.0949,-0.1063,0.9082,0.9418,1.1124,-0.0724,0.0446,5.6203,9.9316
